<?xml version="1.0"?>
<doc>
    <assembly>
        <name>CriticalValueService</name>
    </assembly>
    <members>
        <member name="M:CriticalValueService.Controllers.CriticalMainController.CommitCriticalValue(CriticalValueService.Models.CriticalMainEntry)">
            <summary>
            
            </summary>
            <param name="entry"></param>
            <returns></returns>
        </member>
        <member name="M:CriticalValueService.Controllers.WeatherForecastController.Get">
            <summary>
            测试
            </summary>
            <returns></returns>
        </member>
        <member name="P:CriticalValueService.Models.CriticalMainEntry.PatiendId">
            <summary>
            患者序号I
            </summary>
        </member>
        <member name="P:CriticalValueService.Models.CriticalMainEntry.Name">
            <summary>
            姓名
            </summary>
        </member>
        <member name="P:CriticalValueService.Models.CriticalMainEntry.Age">
            <summary>
            年龄
            </summary>
        </member>
        <member name="P:CriticalValueService.Models.CriticalMainEntry.AgeUnit">
            <summary>
            年龄单位
            </summary>
        </member>
        <member name="P:CriticalValueService.Models.CriticalMainEntry.Sex">
            <summary>
            性别
            </summary>
        </member>
        <member name="P:CriticalValueService.Models.CriticalMainEntry.PatientType">
            <summary>
            病人类型
            </summary>
        </member>
        <member name="P:CriticalValueService.Models.CriticalMainEntry.HealthSerial">
            <summary>
            健康序号I
            </summary>
        </member>
        <member name="P:CriticalValueService.Models.CriticalMainEntry.IDCard">
            <summary>
            身份证号
            </summary>
        </member>
        <member name="P:CriticalValueService.Models.CriticalMainEntry.ApplyDepId">
            <summary>
            申请科室I
            </summary>
        </member>
        <member name="P:CriticalValueService.Models.CriticalMainEntry.ApplyDoctorId">
            <summary>
            申请医生R
            </summary>
        </member>
        <member name="P:CriticalValueService.Models.CriticalMainEntry.IsCritical">
            <summary>
            危急否B
            </summary>
        </member>
        <member name="P:CriticalValueService.Models.CriticalMainEntry.IsEmergency">
            <summary>
            急诊否B
            </summary>
        </member>
        <member name="P:CriticalValueService.Models.CriticalMainEntry.SampleType">
            <summary>
            标本类型
            </summary>
        </member>
        <member name="P:CriticalValueService.Models.CriticalMainEntry.AuditTime">
            <summary>
            报告时间
            </summary>
        </member>
        <member name="P:CriticalValueService.Models.CriticalMainEntry.MenstrualCycle">
            <summary>
            生理周期
            </summary>
        </member>
        <member name="P:CriticalValueService.Models.CriticalMainEntry.DingSituation">
            <summary>
            就餐情况
            </summary>
        </member>
        <member name="P:CriticalValueService.Models.CriticalMainEntry.MainNurse">
            <summary>
            主任护士R
            </summary>
        </member>
        <member name="P:CriticalValueService.Models.CriticalMainEntry.MainDoctor">
            <summary>
            主任医生R
            </summary>
        </member>
        <member name="P:CriticalValueService.Models.CriticalMainEntry.DeptDiretor">
            <summary>
            科室主任R
            </summary>
        </member>
        <member name="P:CriticalValueService.Models.CriticalMainEntry.MedicalDeptment">
            <summary>
            医务科序号I
            </summary>
        </member>
        <member name="P:CriticalValueService.Models.CriticalMainEntry.BusinessClass">
            <summary>
            业务类别N
            </summary>
        </member>
        <member name="P:CriticalValueService.Models.CriticalMainEntry.CriticalValueInfo">
            <summary>
            危急值
            </summary>
        </member>
        <member name="P:CriticalValueService.Models.CriticalMainEntry.DiagonsisInfo">
            <summary>
            诊断信息
            </summary>
        </member>
        <member name="P:CriticalValueService.Models.HttpResult`1.Code">
            <summary>
            状态码
            </summary>
        </member>
        <member name="P:CriticalValueService.Models.HttpResult`1.Msg">
            <summary>
            状态信息
            </summary>
        </member>
        <member name="P:CriticalValueService.Models.HttpResult`1.ResultData">
            <summary>
            数据实体
            </summary>
        </member>
        <member name="M:CriticalValueService.PushCriticalMessage.DoPushPlatformMsg(System.String,CriticalValueService.Models.CriticalMainEntry,System.String,System.Int32,System.Int32,System.Int32)">
            <summary>
            平台推送
            </summary>
            <param name="strContent"></param>
            <param name="entry"></param>
            <param name="StrAcceptObj"></param>
            <param name="NurseTimeout"></param>
            <param name="DoctorTimeout"></param>
            <param name="MainDoctorTimeout"></param>
        </member>
    </members>
</doc>
